iso_year,week,region,total_revenue,order_count
2024,11,BE,149.95,1
2024,11,DE,349.5,1
2024,11,NL,1999.98,1
2024,12,BE,170.91,2
2024,12,DE,74.97,1
2024,12,FR,91.98,1
2024,12,NL,675.91,5
2024,13,BE,99.98,1
2024,13,DE,101.97,2
2024,13,FR,142.94,2
2024,13,NL,528.96,2
2024,14,BE,139.98,1
2024,14,DE,89.99,1
2024,14,FR,159.0,1
2024,14,NL,202.86,3
2024,15,DE,175.96,2
2024,15,FR,47.96,1
2024,15,NL,122.82000000000001,2
2024,16,BE,50.97,1
2024,16,FR,678.99,2
2024,16,NL,172.89,3
2024,17,BE,55.99,1
2024,17,DE,74.98,2
2024,17,FR,59.98,1
2024,17,NL,316.92,4
2024,18,BE,95.94,2
2024,18,DE,43.98,1
2024,18,FR,45.98,1
2024,18,NL,35.98,1
2024,19,DE,102.94,2
2024,19,FR,44.97,1
2024,19,NL,225.96,3
2024,20,BE,233.97,2
2024,20,DE,123.96000000000001,2
2024,20,FR,18.99,1
2024,20,NL,169.98,2
2024,21,BE,89.99,1
2024,21,DE,119.99,1
2024,21,FR,49.99,1
2024,21,NL,131.9,3
2024,22,DE,341.93,2
2024,22,FR,199.99,1
2024,22,NL,235.94,3
2024,23,FR,102.97,2
2024,23,NL,304.86,4
2024,24,BE,121.96000000000001,2
2024,24,DE,45.98,1
2024,24,FR,65.98,1
2024,24,NL,29.99,1
2024,25,BE,4999.99,1
2024,25,DE,105.96000000000001,2
2024,25,FR,41.99,1
2024,25,NL,214.94,3
2024,26,BE,79.96,1
2024,26,DE,69.99,1
2024,26,FR,2678.99,2
2024,26,NL,104.94,2
